{"count":1,"self":9.1277432,"total":9.5176211,"children":{"InitializeActuators":{"count":1,"self":0.0014866999999999999,"total":0.0014866999999999999,"children":null},"InitializeSensors":{"count":1,"self":0.0015137,"total":0.0015137,"children":null},"AgentSendState":{"count":207,"self":0.0055017999999999994,"total":0.015538799999999998,"children":{"CollectObservations":{"count":42,"self":0.0010000999999999999,"total":0.0010000999999999999,"children":null},"WriteActionMask":{"count":42,"self":0,"total":0,"children":null},"RequestDecision":{"count":42,"self":0.0090368999999999988,"total":0.0090368999999999988,"children":null}}},"DecideAction":{"count":207,"self":0.1227166,"total":0.36831919999999996,"children":{"RayPerceptionSensor.Perceive":{"count":126,"self":0.24560259999999998,"total":0.24560259999999998,"children":null}}},"AgentAct":{"count":207,"self":0.0020193999999999998,"total":0.0020193999999999998,"children":null}},"gauges":{},"metadata":{"timer_format_version":"0.1.0","start_time_seconds":"1754230333","unity_version":"2022.3.62f1","command_line_arguments":"C:\\Program Files\\Unity\\Hub\\Editor\\2022.3.62f1\\Editor\\Unity.exe -projectpath C:\\Users\\arnav\\Documents\\GitHub\\UNITY_ML_AGENTS-PROJECT -useHub -hubIPC -cloudEnvironment production -licensingIpc LicenseClient-arnav -hubSessionId f691ddf1-0446-4e94-8df7-9c73cd512228 -accessToken CkSwDGZpPBi_0xZz_UHTRCyqGr87es1fYiAJvL4HqAY00cf","communication_protocol_version":"1.5.0","com.unity.ml-agents_version":"2.0.1","scene_name":"Training","end_time_seconds":"1754230343"}}